{
	"id": "merisyl-pf2e",
	"title": "Merisyl Pathfinder 2E",
	"description": "Content to support the Merisyl world.",
	"version": "0.0.11",
	"author": "Al Mele",
	"compatibility": {
		"minimum": 8,
		"verified": "11.300"
	},
	"packs": [
		{
			"name": "module-ancestries",
			"label": "Merisyl Ancestries",
			"path": "./packs/merisyl-ancestries.db",
			"type": "Item"
		},
		{
			"name": "module-items",
			"label": "Merisyl Items",
			"path": "./packs/merisyl-items.db",
			"type": "Item"
		},
		{
			"name": "module-creatures",
			"label": "Merisyl Creatures",
			"path": "./packs/merisyl-creatures.db",
			"type": "Actor"
		},
		{
			"name": "module-continents-verchix",
			"label": "Merisyl Continents - Verchix",
			"path": "./packs/merisyl-continents-verchix.db",
			"type": "Scene"
		},
		{
			"name": "module-continents-chayle",
			"label": "Merisyl Continents - Chayle",
			"path": "./packs/merisyl-continents-chayle.db",
			"type": "Scene"
		},
		{
			"name": "module-effect-items",
			"label": "Effect Items",
			"path": "./packs/effect-items.db",
			"type": "Item"
		},
		{
			"name": "module-items-deities",
			"label": "Merisyl Deities",
			"path": "./packs/merisyl-deities.db",
			"type": "Item"
		}
	],
	"relationships": {
		"systems": [
			{
				"id": "pf2e",
				"type": "system",
				"manifest": "https://github.com/foundryvtt/pf2e",
				"compatibility": {
					"verified": "5.0.2"
				}
			}
		],
		"requires": [
			{
				"id": "monks-active-tiles",
				"type": "module",
				"manifest": "https://github.com/ironmonk88/monks-active-tiles/releases/latest/download/module.json",
				"compatibility": {
					"verified": "11.01"
				}
			}
		]
	},
	"manifest": "https://github.com/armele/Merisyl/raw/master/merisyl-pf2e/module.json",
	"download": "https://github.com/armele/Merisyl/raw/master/merisyl-pf2e.zip"
}