{
    "name": "merisyl-pf2e",
    "title": "Merisyl Pathfinder 2E",
    "description": "Content to support the Merisyl world.",
    "version": "0.0.2",
    "author": "Al Mele",
    "minimumCoreVersion": "0.8.6",
    "compatibleCoreVersion": "0.8.9",
    "packs": [
        {
            "name": "module-items",
            "label": "Merisyl Ancestries",
            "path": "./packs/ancestries.db",
            "entity": "Item"
        },
		{
			"name": "module-creatures",
			"label": "Merisyl Creatures",
			"path": "./packs/merisyl-creatures.db",
			"entity": "Actor"
		}		
    ],
    "manifest": "https://github.com/armele/Merisyl/raw/master/merisyl-pf2e/module.json",
    "download": "https://github.com/armele/Merisyl/raw/master/merisyl-pf2e.zip"
  }