{
	"name": "merisyl-pf2e",
	"title": "Merisyl Pathfinder 2E",
	"description": "Content to support the Merisyl world.",
	"version": "0.0.5",
	"author": "Al Mele",
	"minimumCoreVersion": "0.8.6",
	"compatibleCoreVersion": "9",
	"minimumSystemVersion": "3.1.0",
	"packs": [{
			"name": "module-ancestries",
			"label": "Merisyl Ancestries",
			"path": "./packs/merisyl-ancestries.db",
			"entity": "Item"
		},
		{
			"name": "module-items",
			"label": "Merisyl Items",
			"path": "./packs/merisyl-items.db",
			"entity": "Item"
		},		
		{
			"name": "module-creatures",
			"label": "Merisyl Creatures",
			"path": "./packs/merisyl-creatures.db",
			"entity": "Actor"
		},
		{
			"name": "module-continents-verchix",
			"label": "Merisyl Continents - Verchix",
			"path": "./packs/merisyl-continents-verchix.db",
			"entity": "Scene"
		},
		{
			"name": "module-continents-chayle",
			"label": "Merisyl Continents - Chayle",
			"path": "./packs/merisyl-continents-chayle.db",
			"entity": "Scene"
		}		
	],
	"dependencies": [{
		"name": "pf2e",
		"type": "system"
	}],
	"manifest": "https://github.com/armele/Merisyl/raw/master/merisyl-pf2e/module.json",
	"download": "https://github.com/armele/Merisyl/raw/master/merisyl-pf2e.zip"
}