{
	"name": "merisyl-pf2e",
	"title": "Merisyl Pathfinder 2E",
	"description": "Content to support the Merisyl world.",
	"version": "0.0.10",
	"author": "Al Mele",
	"minimumCoreVersion": "0.8.6",
	"compatibleCoreVersion": "10",
	"minimumSystemVersion": "3.1.0",
	"packs": [
		{
			"name": "module-ancestries",
			"label": "Merisyl Ancestries",
			"path": "./packs/merisyl-ancestries.db",
			"entity": "Item"
		},
		{
			"name": "module-items",
			"label": "Merisyl Items",
			"path": "./packs/merisyl-items.db",
			"entity": "Item"
		},
		{
			"name": "module-creatures",
			"label": "Merisyl Creatures",
			"path": "./packs/merisyl-creatures.db",
			"entity": "Actor"
		},
		{
			"name": "module-continents-verchix",
			"label": "Merisyl Continents - Verchix",
			"path": "./packs/merisyl-continents-verchix.db",
			"entity": "Scene"
		},
		{
			"name": "module-continents-chayle",
			"label": "Merisyl Continents - Chayle",
			"path": "./packs/merisyl-continents-chayle.db",
			"entity": "Scene"
		},
		{
			"name": "module-effect-items",
			"label": "Effect Items",
			"path": "./packs/effect-items.db",
			"entity": "Item"
		},
		{
			"name": "module-items-deities",
			"label": "Merisyl Deities",
			"path": "./packs/merisyl-deities.db",
			"entity": "Item"
		}
	],
	"dependencies": [
		{
			"name": "pf2e",
			"type": "system"
		},
		{
			"name": "monks-active-tiles",
			"manifest": "https://github.com/ironmonk88/monks-active-tiles/releases/latest/download/module.json",
			"type": "module"
		}
	],
	"manifest": "https://github.com/armele/Merisyl/raw/master/merisyl-pf2e/module.json",
	"download": "https://github.com/armele/Merisyl/raw/master/merisyl-pf2e.zip"
}