{
	"currentDate": {
		"year": 35,
		"month": -4,
		"day": 7,
		"seconds": 41882
	},
	"generalSettings": "",
	"leapYearSettings": {
		"rule": "none",
		"customMod": 0
	},
	"monthSettings": [{
		"name": "Ocuiri",
		"numericRepresentation": -1,
		"numericRepresentationOffset": 0,
		"numberOfDays": 35,
		"numberOfLeapYearDays": 35,
		"intercalary": true,
		"intercalaryInclude": false,
		"startingWeekday": null
	}, {
		"name": "Leirithi",
		"numericRepresentation": -2,
		"numericRepresentationOffset": 0,
		"numberOfDays": 35,
		"numberOfLeapYearDays": 35,
		"intercalary": true,
		"intercalaryInclude": false,
		"startingWeekday": null
	}, {
		"name": "Faestiri",
		"numericRepresentation": -3,
		"numericRepresentationOffset": 0,
		"numberOfDays": 35,
		"numberOfLeapYearDays": 35,
		"intercalary": true,
		"intercalaryInclude": false,
		"startingWeekday": null
	}, {
		"name": "Austrati",
		"numericRepresentation": -4,
		"numericRepresentationOffset": 0,
		"numberOfDays": 35,
		"numberOfLeapYearDays": 35,
		"intercalary": true,
		"intercalaryInclude": false,
		"startingWeekday": null
	}, {
		"name": "Maurgi",
		"numericRepresentation": -5,
		"numericRepresentationOffset": 0,
		"numberOfDays": 35,
		"numberOfLeapYearDays": 35,
		"intercalary": true,
		"intercalaryInclude": false,
		"startingWeekday": null
	}, {
		"name": "Karifi",
		"numericRepresentation": -6,
		"numericRepresentationOffset": 0,
		"numberOfDays": 35,
		"numberOfLeapYearDays": 35,
		"intercalary": true,
		"intercalaryInclude": false,
		"startingWeekday": null
	}, {
		"name": "Gethi",
		"numericRepresentation": -7,
		"numericRepresentationOffset": 0,
		"numberOfDays": 35,
		"numberOfLeapYearDays": 35,
		"intercalary": true,
		"intercalaryInclude": false,
		"startingWeekday": null
	}, {
		"name": "Claxi",
		"numericRepresentation": -8,
		"numericRepresentationOffset": 0,
		"numberOfDays": 35,
		"numberOfLeapYearDays": 35,
		"intercalary": true,
		"intercalaryInclude": false,
		"startingWeekday": null
	}, {
		"name": "Sjachi",
		"numericRepresentation": -9,
		"numericRepresentationOffset": 0,
		"numberOfDays": 35,
		"numberOfLeapYearDays": 35,
		"intercalary": true,
		"intercalaryInclude": false,
		"startingWeekday": null
	}, {
		"name": "Dartaki",
		"numericRepresentation": -10,
		"numericRepresentationOffset": 0,
		"numberOfDays": 35,
		"numberOfLeapYearDays": 35,
		"intercalary": true,
		"intercalaryInclude": false,
		"startingWeekday": null
	}, {
		"name": "Osvithix",
		"numericRepresentation": -11,
		"numericRepresentationOffset": 0,
		"numberOfDays": 14,
		"numberOfLeapYearDays": 14,
		"intercalary": true,
		"intercalaryInclude": false,
		"startingWeekday": null
	}],
	"moonSettings": [],
	"noteCategories": [{
		"name": "Holiday",
		"color": "#148e94",
		"textColor": "#FFFFFF"
	}],
	"seasonSettings": [],
	"timeSettings": {
		"hoursInDay": 24,
		"minutesInHour": 60,
		"secondsInMinute": 60,
		"gameTimeRatio": 1,
		"unifyGameAndClockPause": false,
		"updateFrequency": 1
	},
	"weekdaySettings": [{
		"name": "Monday",
		"numericRepresentation": 1
	}, {
		"name": "Tuesday",
		"numericRepresentation": 2
	}, {
		"name": "Wednesday",
		"numericRepresentation": 3
	}, {
		"name": "Thursday",
		"numericRepresentation": 4
	}, {
		"name": "Friday",
		"numericRepresentation": 5
	}, {
		"name": "Saturday",
		"numericRepresentation": 6
	}, {
		"name": "Sunday",
		"numericRepresentation": 7
	}],
	"yearSettings": {
		"numericRepresentation": 1975,
		"prefix": "",
		"postfix": "RL",
		"showWeekdayHeadings": true,
		"firstWeekday": 0,
		"yearZero": 0,
		"yearNames": [],
		"yearNamingRule": "default",
		"yearNamesStart": 0
	}
}